Scenario_ID,Farmer_Type,Crop,Farm_Size_Acres,Budget_USD,Action,Engine,Recommendation_Text,Is_Feasible,Estimated_Cost_USD,Relevance,Feasibility,Resource_Suitability,Budget_Suitability,Company_Suitability,Constraint_Satisfaction,Overall_Confidence
SC-01,Marginal Smallholder,Paddy (Rice),0.8,250.0,apply_fertilizer,Generic Recommendation,Apply 120 kg/ha chemical Urea using mechanized broadcaster and tractor.,False,500.0,55,30,25,35,60,20,45
SC-01,Marginal Smallholder,Paddy (Rice),0.8,250.0,apply_fertilizer,AgriSense AI (Deterministic),Manual backpack spot placement of neem-coated urea; compost top-dressing.,True,250.0,92,95,90,95,88,100,92
SC-02,Tenant Farmer,Paddy (Rice),1.5,1200.0,harvest,Generic Recommendation,Deploy combined mechanical harvester immediately upon physiological maturity.,False,2000.0,60,20,40,45,50,0,35
SC-02,Tenant Farmer,Paddy (Rice),1.5,1200.0,harvest,AgriSense AI (Deterministic),Advisory Deferred: Heavy rainfall and high moisture risk grain fungal decay; postpone harvest until 48h drying window.,True,1000.0,95,92,88,90,85,100,90
SC-03,Dryland Farmer,Cotton,2.5,600.0,pest_control,Generic Recommendation,Spray organophosphate pesticide at midday under full sunlight.,False,750.0,50,40,55,60,55,33,48
SC-03,Dryland Farmer,Cotton,2.5,600.0,pest_control,AgriSense AI (Deterministic),Deploy Azadirachtin biopesticide and pheromone lures in early morning to prevent thermal phytotoxicity.,True,350.0,94,90,92,95,90,100,94
SC-04,Contracted Smallholder,Tomato (Processing),1.2,400.0,irrigation,Generic Recommendation,Run daily scheduled drip fertigation cycle for 4 hours.,False,200.0,40,25,60,80,70,40,42
SC-04,Contracted Smallholder,Tomato (Processing),1.2,400.0,irrigation,AgriSense AI (Deterministic),Pause artificial irrigation: Natural precipitation (32mm) exceeds root zone field capacity; drain excess furrow water.,True,50.0,96,95,92,98,92,100,95
SC-05,Commercial Grower,Wheat,8.0,5000.0,harvest,Generic Recommendation,Proceed with mechanical combine harvesting.,True,2000.0,85,90,90,95,90,100,90
SC-05,Commercial Grower,Wheat,8.0,5000.0,harvest,AgriSense AI (Deterministic),Proceed with mechanical combine harvesting; grain moisture at optimal 14%.,True,2000.0,96,96,95,96,95,100,96
SC-06,Zero-Budget Smallholder,Maize,1.0,50.0,apply_fertilizer,Generic Recommendation,Purchase 2 bags DAP and 1 bag MOP ($120) from agro-dealer.,False,120.0,65,15,20,10,50,20,30
SC-06,Zero-Budget Smallholder,Maize,1.0,50.0,apply_fertilizer,AgriSense AI (Deterministic),Liquid Jeevamrutha bio-formulation and cow dung slurry application using on-farm organic inputs.,True,25.0,90,92,90,98,85,100,89
SC-07,Coastal Farmer,Groundnut,1.8,550.0,pest_control,Generic Recommendation,Broadcast insecticide granules and foliar spray.,False,400.0,55,30,60,70,60,25,40
SC-07,Coastal Farmer,Groundnut,1.8,550.0,pest_control,AgriSense AI (Deterministic),Advisory Deferred: Wind speed (34 km/h) causes off-target drift; install border sticky traps until wind calms.,True,180.0,93,90,91,94,88,100,91
SC-08,Progressive Horticulturist,Chilli,2.0,900.0,soil_amendment,Generic Recommendation,Deep till with disc harrow and apply 2 tonnes synthetic gypsum.,False,650.0,65,45,40,75,70,40,52
SC-08,Progressive Horticulturist,Chilli,2.0,900.0,soil_amendment,AgriSense AI (Deterministic),Incorporate farmyard manure with Trichoderma and hire community rotavator for soil tilth.,True,450.0,94,93,92,94,90,100,93
SC-09,Cauvery Delta Farmer,Paddy (Rice),3.0,800.0,post_harvest_storage,Generic Recommendation,Store unbagged grain directly on floor of earthen shed.,False,100.0,45,50,50,90,30,20,38
SC-09,Cauvery Delta Farmer,Paddy (Rice),3.0,800.0,post_harvest_storage,AgriSense AI (Deterministic),Pack sun-dried paddy at 13% moisture into triple-layer hermetic PICS bags on raised wooden dunnage.,True,250.0,95,96,94,95,96,100,95
SC-10,Smallholder FPO Member,Soybean,2.2,700.0,crop_transportation,Generic Recommendation,Hire private dedicated 10-tonne truck for immediate transit.,False,1200.0,60,25,30,20,75,20,35
SC-10,Smallholder FPO Member,Soybean,2.2,700.0,crop_transportation,AgriSense AI (Deterministic),Consolidate freight with FPO cluster mini-truck; tarp covered to protect moisture integrity.,True,400.0,92,94,90,95,94,100,93
SC-11,Tribal Farmer,Millets (Ragi),1.1,200.0,seed_selection,Generic Recommendation,Purchase expensive imported hybrid seeds from district headquarters.,False,450.0,40,20,25,20,60,15,32
SC-11,Tribal Farmer,Millets (Ragi),1.1,200.0,seed_selection,AgriSense AI (Deterministic),Sow TNAU certified drought-tolerant foundation finger millet treated with bio-inoculant.,True,180.0,95,95,94,96,90,100,94
SC-12,Semi-Arid Farmer,Mustard,3.5,1100.0,machinery_hire,Generic Recommendation,"Purchase a new laser land leveler ($4,500) for precision grading.",False,4500.0,70,10,30,5,80,15,25
SC-12,Semi-Arid Farmer,Mustard,3.5,1100.0,machinery_hire,AgriSense AI (Deterministic),Rent laser land leveler from nearby CHC for 3 hours ($750) using owned tractor.,True,750.0,96,94,95,92,92,100,94
SC-13,Organic Smallholder,Basmati Rice,2.0,450.0,crop_protection,Generic Recommendation,Apply prophylactic systemic chemical fungicide Carbendazim.,False,550.0,50,45,60,60,30,40,45
SC-13,Organic Smallholder,Basmati Rice,2.0,450.0,crop_protection,AgriSense AI (Deterministic),Foliar spray Pseudomonas fluorescens bio-agent and erect yellow sticky cards.,True,280.0,94,95,92,95,96,100,95
SC-14,Delta Wetland Farmer,Sugarcane,4.0,1500.0,irrigation,Generic Recommendation,Flood irrigate entire 4-acre field for 12 hours.,False,500.0,55,60,75,75,65,50,58
SC-14,Delta Wetland Farmer,Sugarcane,4.0,1500.0,irrigation,AgriSense AI (Deterministic),Alternate-furrow deficit irrigation to conserve groundwater and avoid waterlogging.,True,200.0,93,94,95,96,92,100,94
SC-15,Vegetable Smallholder,Brinjal (Eggplant),0.5,300.0,pest_control,Generic Recommendation,High-pressure chemical spraying for shoot and fruit borer.,False,380.0,60,30,50,55,60,20,42
SC-15,Vegetable Smallholder,Brinjal (Eggplant),0.5,300.0,pest_control,AgriSense AI (Deterministic),Clip and destroy infested shoots manually; install Lucinlure pheromone traps.,True,150.0,95,94,92,96,92,100,94
SC-16,Contract Farming Producer,Potato (Chip Grade),3.0,2000.0,harvest,Generic Recommendation,Mechanized potato digging on schedule regardless of moisture.,False,1500.0,50,20,60,70,25,10,35
SC-16,Contract Farming Producer,Potato (Chip Grade),3.0,2000.0,harvest,AgriSense AI (Deterministic),Delay harvest by 5 days; mud adherence elevates skinning and tuber bacterial soft rot in cold storage.,True,750.0,97,95,94,95,98,100,97
SC-17,Highland Pulse Grower,Red Gram (Pigeonpea),2.0,400.0,crop_protection,Generic Recommendation,Spray Indoxacarb 14.5 SC using drone contractor.,False,650.0,65,20,25,25,70,20,36
SC-17,Highland Pulse Grower,Red Gram (Pigeonpea),2.0,400.0,crop_protection,AgriSense AI (Deterministic),Deploy nuclear polyhedrosis virus (HaNPV) bio-formulation with hired backpack sprayer.,True,220.0,93,92,90,95,90,100,92
SC-18,Salt-Affected Land Holder,Barley,2.5,600.0,soil_amendment,Generic Recommendation,Apply standard synthetic NPK starter fertilizer only.,False,500.0,40,50,60,70,50,30,42
SC-18,Salt-Affected Land Holder,Barley,2.5,600.0,soil_amendment,AgriSense AI (Deterministic),Apply agricultural gypsum (500 kg/acre) based on soil exchangeable sodium percentage and leach root zone.,True,450.0,96,94,94,95,90,100,95
SC-19,Commercial Orchardist,Mango,5.0,3000.0,crop_protection,Generic Recommendation,Chemical spray at dawn during heavy canopy wetness.,False,1200.0,55,40,70,80,65,30,48
SC-19,Commercial Orchardist,Mango,5.0,3000.0,crop_protection,AgriSense AI (Deterministic),Wait until 11 AM sun dries canopy dew before deploying wettable sulfur spray against powdery mildew.,True,400.0,95,93,94,96,92,100,94
SC-20,Oilseed Smallholder,Sunflower,1.5,350.0,pest_control,Generic Recommendation,Apply broad-spectrum synthetic pyrethroid during peak honeybee foraging hours.,False,400.0,50,45,60,60,40,20,42
SC-20,Oilseed Smallholder,Sunflower,1.5,350.0,pest_control,AgriSense AI (Deterministic),Spray bee-safe microbial Bacillus thuringiensis after 4 PM to protect sunflower pollination.,True,220.0,96,95,92,96,90,100,95
